CBS_urn:mavedb:00000005-a	Split_1
CYP2C9_urn:mavedb:00000095-a	Split_2
CYP2C9_urn:mavedb:00000095-b	Split_2
PTEN_urn:mavedb:00000013-a	Split_5
PTEN_urn:mavedb:00000054-a	Split_5
p53_urn:mavedb:00000059-a	Split_1
TP53_(P72R)_urn:mavedb:00000068-c	Split_1
CCR5_urn:mavedb:00000047-c	Split_5
TEM-1_beta-lactamase_urn:mavedb:00000086-d	Split_3
TEM-1_beta-lactamase_urn:mavedb:00000070-a	Split_3
TEM-1_beta-lactamase_urn:mavedb:00000086-c	Split_3
TEM-1_beta-lactamase_urn:mavedb:00000086-e	Split_3
TEM-17_beta-lactamase_urn:mavedb:00000085-b	Split_3
VIM-2_with_p.Met1_Phe2insGly_urn:mavedb:00000073-c	Split_4
VIM-2_with_p.Met1_Phe2insGly_urn:mavedb:00000073-f	Split_4
VIM-2_with_p.Met1_Phe2insGly_urn:mavedb:00000073-g	Split_4
VIM-2_with_p.Met1_Phe2insGly_urn:mavedb:00000073-d	Split_4
VIM-2_with_p.Met1_Phe2insGly_urn:mavedb:00000073-a	Split_4
VIM-2_with_p.Met1_Phe2insGly_urn:mavedb:00000073-h	Split_4
SARS-CoV-2_receptor_binding_domain_urn:mavedb:00000044-b	Split_5
SARS-CoV-2_receptor_binding_domain_urn:mavedb:00000044-a	Split_5
NUDT15_urn:mavedb:00000055-0	Split_2
NUDT15_urn:mavedb:00000055-a	Split_2
VKOR_urn:mavedb:00000078-a	Split_1
VKOR_urn:mavedb:00000078-b	Split_1
CcdB_urn:mavedb:00000084-a	Split_1
SUMO1_urn:mavedb:00000001-b	Split_2
